{
  "project_info": {
    "project_number": "176819719521",
    "project_id": "workouts-16476",
    "storage_bucket": "workouts-16476.appspot.com"
  },
  "client": [
    {
      "client_info": {
        "mobilesdk_app_id": "1:176819719521:android:bf7e126cdaabca05f14920",
        "android_client_info": {
          "package_name": "com.workout"
        }
      },
      "oauth_client": [],
      "api_key": [
        {
          "current_key": "AIzaSyAeMC33QnyIRE4-v6YSM8_wI2y8hsE0u9o"
        }
      ],
      "services": {
        "appinvite_service": {
          "other_platform_oauth_client": []
        }
      }
    }
  ],
  "configuration_version": "1"
}